name,x,y
n_10002,-77.84791581,35.80337081
n_10009,-79.13474779,35.46659808
n_10012,-79.40205478,35.32571721
n_10013,-79.31092955,35.39961725
n_10014,-81.41002994,35.72128648
n_10015,-79.08642536,35.81680057
n_10016,-79.82657488,35.36260157
n_10017,-80.98911393,35.77993184
n_10018,-81.94875116,35.64299856
n_10019,-81.95545151,35.64365464
n_10022,-82.6829994,35.25855198
n_10023,-82.53109014,35.02522105
n_10024,-82.68258726,35.25365698
n_10025,-82.42482399,34.76062051
n_10026,-82.60927702,34.87867801
n_10038,-77.31795287,35.80680597
n_10039,-77.38388511,35.79568003
n_10040,-79.88615718,34.680157
n_10041,-79.91976763,34.68445611
n_10042,-79.8928909,34.3732662
n_10043,-79.83250874,34.21576558
n_10044,-79.86124312,34.17432928
n_10045,-79.91614955,33.93443621
n_10047,-79.8944281,34.0406183
n_10051,-80.16359865,35.08941424
n_10052,-80.08504342,34.99204659
n_10053,-77.69529992,36.19135155
n_10054,-77.66068553,36.45163128
n_10058,-79.31949704,36.40812863
n_10239,-82.43436731,34.6016465
n_10240,-79.05333138,33.82660557
n_10584,-79.55210077,33.80267969
n_10707,-78.61509641,36.29678422
n_10835,-81.12169476,36.16780415
n_10836,-81.13588229,36.16552985
n_10875,-79.70760885,35.78945464
n_11709,-82.5743635,35.48808937
n_11731,-82.44809707,35.310305
n_11735,-82.33369129,34.94174258
n_11742,-81.8950779,35.34941971
n_11744,-82.215731,34.69574309
n_11747,-82.18671911,34.74700772
n_11856,-77.81898579,35.95223493
n_12162,-81.92783425,35.72199258
n_12414,-78.28855832,35.79503009
n_12417,-77.11056457,35.13666985
n_12430,-78.63231909,35.76903806
n_12432,-78.59841388,35.76448034
n_12439,-78.67830688,35.77544505
n_1258,-82.43760137,34.89026906
n_13267,-78.7643223,33.92583665
n_13300,-80.64616287,34.52332168
n_13301,-80.77127764,34.72905223
n_13431,-79.06649989,35.89742164
n_13721,-83.16695226,35.08793304
n_13841,-81.69294677,35.72013304
n_13843,-81.7473789,35.72882344
n_13956,-78.34333957,35.01048279
n_13964,-82.32344786,34.89763861
n_13988,-82.6211115,34.81984635
n_14000,-82.32369892,34.83128497
n_14001,-82.40140283,34.78463653
n_14002,-82.31405884,34.84408765
n_14003,-82.42292368,34.71731276
n_14006,-82.35948651,34.8879223
n_14015,-82.34221826,34.81610381
n_14021,-82.33233877,34.80774098
n_14027,-82.28782479,34.89744325
n_14029,-82.26194895,34.89945912
n_14030,-82.1905987,34.92714439
n_14031,-82.14270615,34.95229419
n_14032,-82.22783317,34.92186111
n_14033,-82.2410679,34.91967349
n_14034,-82.26611712,34.91229385
n_14035,-82.25337233,34.90212483
n_14045,-82.44810566,34.82011372
n_14194,-81.43747313,35.77453851
n_14258,-81.42925198,35.77070554
n_14283,-81.68316804,35.73950306
n_14301,-81.67633516,35.74197524
n_14322,-81.40717905,35.72272914
n_14366,-81.71629113,35.75107552
n_14488,-82.23490121,34.86954652
n_14492,-82.30411619,34.82020616
n_14494,-82.28903944,34.82893146
n_14496,-82.62797866,34.50649396
n_14497,-82.64503183,34.51356486
n_14502,-82.69485084,34.4497382
n_14503,-82.65838264,34.43847179
n_14504,-82.65689726,34.43604545
n_14505,-82.65893823,34.43738548
n_14508,-82.68568059,34.37432082
n_14510,-82.65096265,34.56024947
n_14521,-81.52678216,35.73716614
n_14522,-82.70379724,34.54001551
n_14523,-82.62719478,34.57997581
n_14528,-82.80324421,34.58460528
n_14549,-78.84448736,35.87092687
n_14569,-82.26920705,34.74685278
n_14570,-82.26858329,34.74860713
n_14571,-82.26828199,34.74991332
n_14573,-82.38882769,34.73747386
n_14574,-82.38246373,34.7336962
n_14575,-82.35825703,34.73595822
n_14576,-82.29092137,34.75696603
n_14577,-82.33696551,34.7062889
n_14593,-82.51628436,34.80968467
n_14626,-79.7811634,35.36742093
n_14722,-82.40489478,34.81999461
n_14783,-81.72358526,35.73170489
n_1500,-78.89605783,35.90311117
n_1506,-78.9249407,36.05676663
n_1508,-78.87988427,36.00403189
n_1514,-79.0722478,36.48093073
n_1517,-78.81266318,36.06384012
n_15226,-79.11383488,34.82922816
n_15511,-81.8133308,35.3900478
n_15512,-81.81812951,35.29242598
n_15609,-82.68517272,34.78304343
n_15622,-81.33152304,35.76641909
n_15626,-81.34143812,35.71458104
n_15628,-81.28983661,35.65396161
n_15629,-81.36556707,35.71751921
n_15630,-81.27065689,35.61108656
n_15632,-81.24099463,35.65442595
n_15641,-80.29108041,35.74591077
n_15661,-81.98358834,35.62025662
n_15662,-81.97187663,35.50981729
n_15664,-80.84994726,36.2808352
n_15666,-80.92402993,36.22978726
n_15689,-79.89379814,35.34797228
n_15690,-79.99810672,35.32511475
n_15691,-80.06224058,35.20746897
n_15692,-80.12208811,35.402745
n_1572,-79.75426424,35.94142716
n_1575,-79.65655313,35.96698936
n_15775,-80.52216459,35.21680371
n_15776,-80.51982057,35.21907288
n_15777,-80.44386981,35.25319801
n_15782,-80.56273965,34.99287758
n_15824,-81.08953228,34.3693729
n_15825,-81.13929063,34.3571036
n_15826,-81.14190762,34.35400431
n_15847,-82.0522453,34.73440347
n_1586,-78.9387763,36.01232356
n_16162,-78.94309428,36.01123771
n_16281,-81.52666777,35.86249103
n_16289,-81.83708492,35.74232119
n_16404,-77.84490664,35.05134019
n_16490,-81.67483805,35.72637319
n_16911,-78.19776074,36.48384777
n_17072,-78.33198198,35.02007655
n_17163,-78.01804582,34.62145343
n_17246,-82.49107049,34.53119555
n_1754,-78.55788263,35.9383822
n_17632,-80.83989431,35.41549194
n_17633,-80.67492443,35.53442354
n_17889,-82.60894767,34.82542099
n_17890,-82.58580033,34.83378958
n_17891,-82.62997095,34.83281208
n_17892,-82.57334412,34.83140091
n_17955,-80.70230187,34.33459319
n_17983,-82.5843827,34.8279088
n_17984,-82.58762688,34.83483307
n_17985,-82.54557521,34.83086808
n_18026,-82.60488154,34.48344905
n_18262,-81.45462493,35.07278199
n_18267,-81.4267079,35.11096097
n_18268,-81.41703385,35.11439812
n_18269,-81.42244377,35.11765342
n_18270,-81.42189993,35.15705098
n_18271,-80.88969888,34.55573901
n_18277,-80.11773586,34.71479298
n_18278,-80.04646389,34.69962098
n_18279,-80.04306395,34.70605201
n_18280,-80.08876295,34.76390896
n_18281,-80.15437563,34.39657857
n_18282,-80.03818493,34.39503099
n_18283,-80.03278587,34.38876796
n_18284,-80.02472286,34.483805
n_18285,-80.13586117,34.40854529
n_18289,-79.06670581,33.81422622
n_18290,-80.52919894,34.24159702
n_18291,-80.68344992,34.264981
n_18292,-80.69990705,34.33352359
n_18293,-80.37068088,34.36022
n_18294,-80.55050887,34.34964196
n_18295,-80.32306891,34.40370701
n_18296,-80.68397902,34.58917999
n_18297,-80.62886891,34.57225695
n_18298,-80.48109991,34.68552001
n_18299,-80.61549695,34.62215695
n_18301,-81.65038391,34.254302
n_18302,-81.41749819,34.39922506
n_18303,-81.66550292,34.25172296
n_18304,-81.6305439,34.25776599
n_18308,-82.7739557,34.70948547
n_18310,-79.47538492,33.71325598
n_1834,-78.88850487,36.52486756
n_1837,-78.45203448,35.78198343
n_18493,-78.34444227,35.56635362
n_1850,-79.07560464,35.96732468
n_1851,-79.09434511,35.92086673
n_18688,-79.92272204,34.97316528
n_18689,-78.0118723,33.96080121
n_18690,-81.39484834,35.75315446
n_18691,-81.45948086,35.79704396
n_18692,-79.19542972,36.51585339
n_18693,-77.99332092,35.08853496
n_18694,-80.29067683,36.02903079
n_18696,-78.64133987,36.37405396
n_18698,-79.18366512,34.91532157
n_18699,-79.23075489,35.48116099
n_18700,-81.92755738,35.72292179
n_18703,-80.85340021,35.41661529
n_18705,-79.03418195,36.47262317
n_18706,-79.70818494,35.74718597
n_18707,-79.74708487,35.761003
n_18708,-79.62457694,35.79131601
n_18709,-79.64939389,35.74836196
n_18710,-79.76121591,35.74147098
n_18865,-78.43782187,36.29999598
n_18866,-78.48700661,36.32151889
n_18867,-77.91577403,36.4764432
n_18868,-78.08285187,35.22051597
n_18869,-77.84180486,35.81767298
n_18870,-80.62707982,36.13501568
n_19163,-82.78786764,34.71648245
n_19221,-78.82545642,35.75013947
n_19222,-78.94475233,35.65586031
n_19223,-78.80173982,35.79747472
n_19224,-78.76688698,35.88979631
n_19230,-78.68559538,35.78808838
n_19233,-78.692485,35.80795777
n_1924,-78.78205182,34.87916605
n_19358,-80.61723384,36.44642698
n_19629,-78.99914792,33.79222848
n_20153,-79.04929548,35.99572846
n_20311,-77.65654378,36.47720526
n_2042,-77.64767316,36.47984625
n_20562,-79.10379968,36.47414808
n_207,-82.7918404,34.71445096
n_20880,-78.86400429,36.09422751
n_20881,-78.8510496,36.10388588
n_20882,-78.82789121,36.05138969
n_20883,-78.77848513,36.12565217
n_20895,-78.80259349,36.07061709
n_20896,-79.0736082,36.47973337
n_20897,-78.80243287,36.07093897
n_2106,-78.85227423,35.87451119
n_21118,-78.85121974,35.87701249
n_21135,-78.85019135,35.88345226
n_21284,-80.90999227,35.4266629
n_21285,-80.87821482,35.45803497
n_21559,-82.24601878,34.68892427
n_21560,-82.25662887,34.68562815
n_21770,-82.58576144,34.83315318
n_218,-78.9229136,36.0110745
n_22537,-78.9914243,34.59609832
n_22538,-80.9863762,35.22905481
n_22539,-77.74815217,36.03895068
n_22540,-77.75238719,36.0430515
n_22541,-78.95354198,36.43904387
n_22542,-79.0524739,36.47556462
n_22543,-79.07135082,36.47879336
n_22544,-78.00623483,33.94672495
n_22546,-78.7410005,35.65046032
n_22548,-78.55831901,35.761699
n_22549,-78.453969,35.78470866
n_22589,-78.37803827,35.77076222
n_22590,-77.99314889,35.77337762
n_22591,-78.71097772,35.4123741
n_22592,-78.77181199,35.56420466
n_22602,-80.61023605,36.45566146
n_22609,-81.10752686,36.16390908
n_22611,-78.22631103,34.32411169
n_22612,-78.97078577,34.58670156
n_22779,-78.86341257,36.47459147
n_22813,-78.83970388,35.81953366
n_22814,-78.60302017,35.89528806
n_22815,-78.65425351,35.90973867
n_22816,-78.71765122,35.9162625
n_22817,-78.568589,35.93487028
n_22818,-78.50620622,35.7156508
n_22867,-78.9117988,35.00935541
n_22868,-78.86908014,35.11718336
n_229,-82.81000896,34.69124117
n_23582,-77.34604891,34.73864337
n_23583,-77.36078407,34.74769298
n_23584,-77.42180303,34.77048249
n_23585,-77.42409167,34.77972281
n_23586,-77.42762421,34.79393282
n_23596,-76.81036033,34.75253497
n_23598,-77.16747965,35.06162557
n_23599,-77.16909518,35.06289036
n_23600,-78.00088653,35.28413948
n_23766,-78.88250097,34.96085768
n_23767,-78.97247128,35.12591138
n_23768,-77.99381562,34.31210241
n_23769,-77.88126507,34.25507992
n_23770,-77.88099908,34.25514259
n_23771,-77.71277804,34.40372858
n_23772,-77.48773237,34.7345168
n_23773,-77.5041772,34.79998319
n_23774,-78.99484544,34.26963806
n_23775,-79.5520352,34.68943962
n_23776,-79.09972744,34.58307056
n_23777,-79.26012711,34.64894197
n_23778,-79.35260013,34.35874346
n_23779,-77.22596437,34.81294646
n_23780,-77.18735469,34.8562275
n_23781,-77.14499787,35.11619659
n_23782,-77.66216148,35.22219519
n_23783,-76.84061209,35.14866102
n_23784,-76.8675876,35.29441511
n_23785,-76.81177761,35.30808366
n_23786,-77.33498697,35.61986702
n_23787,-77.35927068,35.62143388
n_23788,-77.97734214,34.82106499
n_23789,-78.11662547,34.98249052
n_23790,-78.38894041,35.22637951
n_23792,-79.71064768,34.91857728
n_23793,-78.97967353,34.96803289
n_23797,-79.82083431,33.5483003
n_23798,-79.93221975,33.55306121
n_23799,-79.80256374,33.65794977
n_23800,-79.80241229,33.65944692
n_23801,-79.81279475,33.66391011
n_23802,-79.81588477,33.73042326
n_23803,-79.43099368,33.71631416
n_23804,-79.0841025,33.8132243
n_23805,-79.42692953,33.37563359
n_23809,-80.44290264,33.77724659
n_23810,-80.44428084,33.78267698
n_23812,-79.84042549,34.50629519
n_23813,-79.92823194,34.2500721
n_23814,-79.92845284,34.2501791
n_23815,-80.40276708,33.62166299
n_23816,-80.36465588,33.81138156
n_23817,-80.41231734,33.89335342
n_23818,-80.3955882,33.95181372
n_23819,-80.16953991,34.14231129
n_23825,-81.36050224,34.27847152
n_23842,-77.84747162,35.80516618
n_23843,-77.82293611,35.86566368
n_23844,-77.82205379,35.86721136
n_23845,-77.82168844,35.8686946
n_23846,-79.22961044,35.46480707
n_23847,-79.15148728,35.69865496
n_23848,-79.44094944,35.74320351
n_23849,-79.73145095,35.7775737
n_23850,-79.7256914,34.96080747
n_23853,-79.84850242,34.45214246
n_23854,-79.85737068,34.6460582
n_23855,-79.88592138,34.66592171
n_23856,-79.86241113,34.17387646
n_23857,-79.01922644,35.41473109
n_23858,-80.05473603,35.03164989
n_23859,-77.639056,36.45782187
n_23861,-79.08413951,36.47718966
n_2415,-77.65906292,36.44599266
n_2416,-77.67076346,36.47464151
n_2417,-77.81204998,36.49130786
n_24341,-81.12038589,36.16854409
n_244,-82.78821682,34.71681424
n_25047,-78.59897398,35.76269968
n_25052,-78.68694572,35.78554466
n_25970,-81.72746592,35.72229977
n_26041,-82.25316928,34.90077143
n_26042,-82.24009358,34.91874176
n_26258,-82.61978594,34.5020238
n_26264,-82.7002254,34.47622817
n_26265,-82.72347793,34.47667679
n_26267,-82.65500394,34.43837412
n_26268,-82.66477249,34.43980081
n_26269,-82.6658829,34.4430243
n_26270,-82.64827421,34.44720707
n_26271,-82.69434072,34.54324508
n_26272,-82.70290049,34.55276773
n_26273,-82.69343468,34.5418013
n_26274,-82.62319433,34.63100236
n_26275,-82.63969117,34.58331818
n_26276,-82.69350708,34.54078718
n_26292,-78.85058104,35.87263131
n_26302,-82.28779304,34.75976506
n_26303,-82.27537087,34.74742526
n_26304,-82.26875505,34.75042367
n_26569,-81.6627945,35.7210393
n_26570,-81.66281381,35.72099788
n_26833,-80.79061417,36.27034766
n_26871,-80.43438338,35.22455398
n_275,-82.91004879,34.95800534
n_27690,-81.6447919,35.72146639
n_27913,-80.90218295,35.56856287
n_27914,-80.90265924,35.56869498
n_27915,-80.91035555,35.58015171
n_27917,-80.8970674,35.55006228
n_27918,-80.89568579,35.54526525
n_27919,-80.895191,35.54819889
n_27920,-80.89712328,35.54846881
n_27921,-80.89709229,35.54930655
n_27922,-80.89254178,35.5497616
n_28106,-82.54645502,34.83586132
n_28107,-82.52697983,34.84019176
n_28108,-81.00790242,35.02477231
n_28114,-82.40968557,34.85165317
n_28211,-79.59656472,35.79067477
n_28275,-82.31514225,34.87903279
n_28295,-82.58371512,34.62997144
n_28296,-82.53032675,34.60516265
n_28297,-82.70323969,34.46827423
n_28298,-82.67365925,34.48728031
n_28299,-82.69106082,34.45198862
n_28300,-82.66571241,34.43805191
n_28301,-82.68815901,34.42134108
n_28302,-82.65535796,34.47358165
n_28303,-82.74203285,34.5981617
n_28304,-82.70472199,34.55244257
n_28305,-82.70096549,34.53862561
n_28306,-82.71025442,34.54247092
n_28307,-82.70294171,34.54274058
n_28308,-82.6923384,34.53256081
n_28309,-82.61127617,34.6252356
n_28310,-82.60654728,34.6422005
n_28311,-82.76006013,34.59288615
n_28332,-80.89310454,34.55913019
n_28470,-80.94599996,35.42197801
n_28471,-80.8317783,35.38378569
n_28501,-80.87761466,35.24986557
n_28502,-81.01114859,35.1902869
n_28504,-81.12147576,34.99772729
n_28505,-81.0750101,35.05152814
n_28506,-81.01125952,35.05248081
n_28509,-79.01655433,36.04485757
n_28601,-82.63629355,35.53759139
n_28625,-82.42233218,34.86470051
n_28636,-77.98149139,36.49246024
n_28652,-76.85182677,35.29742841
n_28662,-78.97493341,34.58879642
n_28663,-79.74728443,34.84297668
n_28664,-80.97557049,35.35843425
n_28665,-82.54354096,35.47203116
n_28666,-77.98422154,34.28258706
n_28667,-80.16364355,36.17165669
n_28668,-77.93747027,34.15402168
n_28669,-78.00998456,33.95842422
n_28670,-79.16572507,35.69952019
n_28671,-79.40468843,35.70201967
n_28673,-79.75793468,34.9041228
n_28697,-80.99249747,35.52224934
n_28698,-80.61865967,35.45077578
n_28699,-80.73921803,35.51395205
n_28700,-80.46895825,35.54938082
n_28702,-80.35683859,35.81498405
n_28703,-80.30307331,35.93631271
n_28704,-80.22142479,36.01157188
n_28706,-80.24435145,36.0783767
n_28707,-80.7829791,36.26151264
n_28710,-79.63515465,36.39020806
n_28711,-78.93064375,35.87164951
n_28718,-78.98260031,35.1569681
n_28719,-78.43196509,34.73803087
n_28766,-78.42404175,36.30900527
n_28767,-78.84743874,35.84723403
n_28770,-78.81209291,35.72502862
n_28771,-78.84030515,35.71155592
n_28779,-82.75379188,34.60626209
n_28842,-82.27048139,34.30486439
n_28945,-76.94413468,34.91360284
n_28946,-77.35255362,34.73074747
n_28947,-77.25226381,34.78459172
n_28951,-76.80331517,34.74854124
n_28953,-77.59448545,35.6080052
n_28954,-77.86212318,35.78081469
n_28955,-77.43231877,35.61365233
n_28990,-78.6997639,34.31875359
n_28991,-78.9712491,35.12666783
n_28993,-77.87736957,34.32878634
n_28994,-77.45748461,34.72472525
n_28995,-79.40632692,34.74806045
n_28996,-79.77173469,34.21613526
n_28998,-77.83336255,35.95152281
n_28999,-78.3684893,35.25136911
n_29000,-79.80008775,33.66852007
n_29001,-79.47443068,34.76579231
n_29002,-79.03824075,35.14183095
n_29005,-79.68758022,34.59018224
n_29006,-80.70383764,34.27507619
n_29007,-80.54080161,34.30251423
n_29010,-80.64644846,34.22871998
n_29011,-81.31451534,34.29740176
n_29015,-79.04907696,35.5918566
n_29016,-79.53038892,35.21981543
n_29017,-79.19433152,35.49299798
n_29018,-79.79696886,34.93079605
n_29019,-79.76162988,35.06308922
n_29020,-79.73426603,34.95577899
n_29021,-80.99241965,35.77184341
n_29024,-79.91979125,34.96856567
n_2907,-79.03369156,36.00156662
n_29226,-78.90321652,36.0082504
n_29228,-82.89810183,34.79327562
n_29239,-81.68447101,35.73770211
n_29240,-81.750585,35.73281893
n_29255,-81.55158997,35.89037123
n_29262,-78.58901272,36.35194584
n_29275,-81.70323071,35.75353805
n_29284,-81.66166284,35.72138284
n_29293,-82.26497427,34.83094998
n_29477,-80.58292347,35.55949599
n_29630,-77.82251323,35.86730489
n_29661,-80.63228577,36.43018032
n_29803,-81.41589796,35.16651223
n_29872,-78.85299426,36.17580938
n_29873,-78.83284098,36.13461055
n_29874,-78.85329799,36.17571799
n_29962,-80.90294888,35.36648368
n_29973,-79.04736413,35.59422791
n_29979,-79.03467148,35.51358105
n_29983,-79.89470425,35.34710091
n_3,-82.69765456,34.67828165
n_30061,-79.38107502,33.72021888
n_30064,-80.42544129,33.96895721
n_30065,-80.49397529,34.16270442
n_30066,-80.18043894,33.50016551
n_30067,-80.22436876,33.56640518
n_30068,-79.21387949,35.47758438
n_30069,-79.05817926,35.58721246
n_30086,-81.17223652,36.20585378
n_30087,-81.13258534,36.16332176
n_30205,-82.76568629,34.72183893
n_30212,-81.63702098,35.72666787
n_30260,-82.29716623,34.82184613
n_30301,-79.04205559,35.99761403
n_30304,-78.84909739,36.11624996
n_30343,-81.0804178,35.05682551
n_30398,-80.14105388,34.28731538
n_30399,-80.22075421,34.00013729
n_30400,-79.99658526,34.41641764
n_30401,-79.76186689,34.90346905
n_30412,-81.32258292,35.63173017
n_30413,-78.22507786,34.32365025
n_30415,-80.9940875,35.33101995
n_30416,-80.99487146,35.3439065
n_30421,-78.63712258,36.35643078
n_30493,-79.87094987,34.14380282
n_30494,-79.80165791,33.67318094
n_30518,-78.97810622,34.58967101
n_30519,-80.38902458,33.88465759
n_30520,-80.38439973,33.8855819
n_30521,-80.34054462,33.88721658
n_30522,-77.84000839,35.82145404
n_30523,-77.81485851,35.89380811
n_30524,-79.7456723,35.76256888
n_30525,-79.92057919,34.97191269
n_30630,-81.71711917,35.72065966
n_30640,-81.68785854,35.73704037
n_30852,-81.43461659,35.16177969
n_30882,-80.97852919,35.35694384
n_30890,-81.01532842,35.1514713
n_30897,-82.51931385,35.05610454
n_30898,-81.75827158,35.22541932
n_30912,-82.15863909,34.94675081
n_30940,-80.32457461,35.73809785
n_30941,-80.10150085,35.78289625
n_30942,-78.84396087,35.87283296
n_30943,-78.85449335,35.87313855
n_30944,-78.83593832,35.88236497
n_30950,-80.83217761,35.56590849
n_30957,-81.99969209,34.86036385
n_30975,-81.59066729,34.23814393
n_30976,-81.99990218,34.3607448
n_31010,-78.06049927,35.30524238
n_31012,-79.76097488,33.83517206
n_31014,-80.65528985,34.24364043
n_31016,-81.29788062,34.24997464
n_31027,-80.61444446,34.90695236
n_31089,-81.68239344,35.73535964
n_31224,-81.66268868,35.72095461
n_31267,-80.37402243,35.71371477
n_319,-78.95188606,35.6322294
n_321,-78.74528168,35.75830335
n_322,-78.7497805,35.95059856
n_323,-78.76575002,35.88927515
n_324,-78.70761734,35.81797717
n_325,-78.78983771,35.78918082
n_326,-78.81706651,35.92684897
n_328,-78.68241491,35.79088146
n_333,-78.69419506,35.82903919
n_334,-78.70005725,35.87269228
n_340,-78.29545518,35.52344475
n_3484,-78.84655428,36.02736181
n_3485,-78.76860272,36.13178238
n_3492,-78.87916781,36.09179222
n_3493,-78.84961582,36.09788096
n_3494,-78.85592658,36.1319052
n_3497,-78.85116241,36.06516238
n_3498,-78.77802179,36.12518468
n_3861,-78.85151531,35.88453644
n_4093,-81.03629286,36.17640182
n_4095,-80.90336958,35.43170523
n_4096,-80.89420309,35.47536181
n_4097,-80.9119718,35.42730145
n_4098,-80.87866344,35.45748469
n_4099,-81.0334757,35.43279702
n_4166,-79.05692161,35.89211886
n_4169,-79.06201637,35.90751668
n_4452,-78.77882651,33.81451994
n_4459,-80.8839216,35.17446826
n_4472,-80.69248756,35.31293471
n_4473,-80.60097296,35.72282995
n_4474,-81.08586404,35.06316679
n_4475,-81.19020942,35.2240775
n_4477,-81.43358016,35.1573568
n_4478,-81.74959523,34.89580782
n_4479,-82.74473037,34.73737548
n_4481,-82.52349904,34.82806004
n_4484,-81.76703489,35.21978514
n_4491,-81.01316007,35.13579607
n_4496,-81.54413172,35.25780322
n_4507,-81.06677041,35.11296094
n_4517,-81.23349471,35.28143236
n_4521,-81.57428123,35.07629645
n_4531,-82.91558594,34.95433646
n_4532,-82.51531591,34.98347305
n_4534,-82.1554961,34.95275854
n_4536,-81.89641113,35.00640254
n_4538,-82.42604505,34.89276198
n_4539,-82.25734415,34.72413884
n_4540,-82.22655683,34.69456979
n_5117,-78.86199646,35.98114577
n_6024,-83.10872544,35.26560042
n_6048,-78.94337824,36.12470096
n_6131,-77.81013847,36.49689475
n_6177,-79.05052032,36.48108953
n_6178,-79.08224561,36.47646472
n_6191,-80.78070746,34.17905717
n_6400,-78.04479044,36.51232624
n_6402,-77.66681211,36.39891465
n_6403,-77.92971436,36.43351398
n_6404,-77.73120827,36.11530362
n_6641,-80.70175555,35.09759397
n_6646,-80.95210554,35.42941348
n_6647,-80.98645951,35.35716711
n_6650,-79.03846235,35.59188199
n_6651,-77.72461252,36.01560145
n_6652,-80.94868845,35.43283109
n_6654,-79.05597746,36.45336483
n_6655,-77.76269693,36.05216491
n_6656,-77.75217553,36.03692755
n_6657,-78.00796223,33.94456054
n_6658,-78.04373821,34.32253969
n_6659,-81.01622268,35.21669351
n_6660,-79.78244872,36.17688244
n_6661,-78.09490687,35.37706564
n_6662,-80.1689924,36.11346469
n_6663,-77.57419853,35.89745086
n_6664,-78.01211835,34.33201379
n_6665,-77.7591071,36.03175242
n_6666,-79.78000066,36.12487599
n_6667,-80.94441869,35.23727711
n_6668,-78.99692722,34.59027064
n_6669,-80.96727596,35.59656688
n_6670,-78.96066172,36.43398159
n_6671,-78.01063349,33.94432874
n_6673,-80.79198372,35.48917262
n_6674,-78.03942677,34.32403553
n_6675,-79.01329469,34.61744452
n_6676,-78.00148646,33.94269638
n_6677,-77.53891304,35.89111051
n_6678,-79.78078871,36.12249068
n_6679,-77.44184641,35.36253502
n_6680,-80.98585132,35.23511004
n_6681,-77.61918431,36.43701321
n_6682,-80.06253841,36.27938244
n_6683,-79.78643966,36.17985552
n_6684,-81.74707233,35.22707922
n_6685,-80.37554926,35.70969724
n_6687,-78.22760331,34.32577681
n_6688,-78.0434892,33.97373342
n_6689,-78.32881782,34.03894568
n_6690,-78.04766893,33.95331525
n_6691,-78.55443375,35.78058521
n_6692,-79.7551621,35.7238582
n_6695,-78.94705956,35.65735906
n_6696,-79.43962099,35.73681754
n_6697,-78.70578161,35.64567644
n_6698,-78.74236421,35.65192212
n_6699,-78.44798622,35.86357053
n_6700,-78.56964105,35.73006333
n_6701,-78.91755748,35.67292659
n_6703,-78.57777731,35.66902623
n_6705,-80.15757994,34.40162138
n_6706,-80.14602178,34.38202014
n_6707,-80.16758068,34.4176449
n_6708,-80.16682866,34.43043322
n_6709,-80.06558399,34.4429521
n_6710,-80.06441187,34.44028846
n_6711,-80.19860155,34.41027648
n_6888,-77.94841319,35.81189223
n_6889,-78.37704793,35.77162169
n_6890,-77.99419688,35.773667
n_6891,-78.89415312,36.48419979
n_6892,-77.9974769,35.74667135
n_6893,-78.36606478,35.69293799
n_6894,-78.83779115,35.57632749
n_6895,-78.74716362,35.50718038
n_6897,-78.658393,35.33700431
n_6900,-78.71151749,35.4115086
n_6901,-78.5458952,35.39581878
n_6902,-78.656236,35.33472995
n_6903,-78.30420611,35.53925928
n_6904,-78.34371192,35.56720509
n_6905,-78.77279743,35.57062462
n_6906,-78.33903881,35.47728675
n_6907,-78.10965845,35.43618908
n_6912,-80.38105696,35.2193859
n_6913,-80.95090763,34.97987892
n_6916,-80.60337787,36.50716836
n_6922,-80.33822279,35.21905698
n_6930,-80.57426661,35.46588958
n_6938,-80.73728639,35.48386593
n_6939,-80.880145,35.5803674
n_6940,-80.82273998,35.5616517
n_6941,-80.84077876,35.56752357
n_6942,-80.70523271,35.42216758
n_6953,-80.30038569,35.92443351
n_6954,-80.32843427,35.80584444
n_6955,-80.27518547,35.9628363
n_6956,-80.31249189,35.9709273
n_6964,-80.29248991,36.02937473
n_6965,-80.36474989,36.2766012
n_6966,-80.55654685,36.43293786
n_6967,-80.30626999,36.24475425
n_6968,-80.43965755,36.3305398
n_6969,-80.59827571,36.48065462
n_6971,-80.63684072,36.14317594
n_6972,-80.30287905,36.24869464
n_6974,-80.65172052,36.14308246
n_6976,-80.65658749,36.14079904
n_6977,-80.39787417,35.98104084
n_6978,-80.69214426,36.20517818
n_6980,-80.64990381,36.13870929
n_6981,-80.475628,36.3804374
n_6982,-80.52385954,36.41410208
n_6984,-80.63312028,36.12595814
n_6986,-80.36281911,36.24688279
n_6987,-80.64520229,36.49552875
n_6991,-80.63002827,36.44947552
n_7011,-79.83298953,36.33079194
n_7014,-79.75264895,36.36601418
n_7026,-79.72187965,36.15834127
n_7031,-79.81288699,35.89339521
n_7041,-80.01383962,36.01823764
n_7044,-81.12955304,36.16150775
n_7045,-81.11044939,36.17725218
n_7046,-81.05088536,36.17320866
n_7047,-81.03461632,36.19990185
n_7049,-80.81847392,36.22108564
n_7050,-79.01459655,35.41514013
n_7061,-78.99735548,35.32417495
n_7062,-78.26387648,34.42344979
n_7064,-78.99437195,35.21481901
n_7065,-79.0298205,35.03882018
n_7066,-78.99555663,35.19680205
n_7067,-79.02213253,35.0682812
n_7069,-79.59693765,34.2161327
n_7089,-78.68619463,34.32678846
n_7091,-78.80631424,34.74184699
n_7092,-78.80745012,34.74551325
n_7555,-78.86264508,36.47868883
n_7557,-78.89103391,36.26028655
n_7559,-78.91337319,36.49030319
n_7566,-78.81169228,35.90952491
n_7587,-78.82562445,35.76202976
n_7588,-78.84164344,35.81949671
n_7589,-78.89404544,35.82001623
n_7590,-78.8057835,35.79924597
n_7591,-78.82771331,35.75045967
n_7592,-78.79753667,35.986614
n_7597,-78.50456299,35.7161617
n_7599,-78.65423781,35.90865602
n_7600,-78.71695321,35.9185327
n_7601,-78.57812631,35.92464142
n_7602,-78.62385991,35.90116186
n_7607,-78.56178112,35.82827273
n_7608,-78.57112311,35.85962913
n_7618,-78.63870464,35.52887954
n_7619,-78.82782637,35.09889501
n_7699,-78.91665633,35.02102441
n_7700,-78.79065068,35.11358862
n_7701,-78.8705622,35.12825083
n_7702,-78.89189567,35.1311157
n_7703,-78.91188953,35.14032697
n_7719,-81.54625102,34.28201745
n_7720,-82.10967769,34.90303379
n_7797,-82.99919411,34.99819713
n_7798,-83.1244527,35.23370215
n_8330,-82.29325504,34.30419499
n_8337,-82.77449968,34.34785716
n_89,-79.00086361,33.79091092
n_9412,-80.8859948,35.65992491
n_9413,-77.89280663,34.38587223
n_9414,-80.15679423,36.07175002
n_9418,-77.98043939,34.72284083
n_9419,-77.96275763,34.72448745
n_9426,-79.79150121,33.88426157
n_9439,-77.51520325,34.76259607
n_9440,-77.44701511,34.80333502
n_9441,-77.83029386,34.47476613
n_9453,-77.42781129,34.75745575
n_9454,-77.2247108,34.81279749
n_9455,-77.38438604,34.75938894
n_9456,-77.18151078,34.85181681
n_9457,-77.32838687,34.741827
n_9458,-77.42287481,34.77762344
n_9477,-76.90893309,34.85890064
n_9479,-77.2100033,35.05691845
n_9480,-77.12357521,35.14132869
n_9483,-77.16843407,35.12847771
n_9484,-77.66462832,35.22228696
n_9487,-78.06021536,35.30381499
n_9488,-78.03035168,35.26011125
n_9505,-77.76225451,35.74765401
n_9506,-77.76335418,35.74943563
n_9507,-77.71045738,35.7060931
n_9508,-77.36551146,35.62582366
n_9820,-78.76211279,34.56337389
n_9821,-78.79482345,34.29621427
n_9822,-78.89067823,34.94989315
n_9823,-78.98199615,35.15403242
n_9824,-78.99166511,35.06046559
n_9825,-77.98603025,34.31740613
n_9829,-77.86043334,34.2001152
n_9830,-77.82683389,34.26887755
n_9831,-77.89382013,34.1597443
n_9832,-77.82821234,34.22555284
n_9833,-77.87243314,34.28624738
n_9834,-77.88647708,34.25078002
n_9835,-77.87337011,34.254423
n_9836,-77.63702946,34.78424894
n_9837,-77.69018077,34.39127614
n_9838,-77.50353841,34.79883716
n_9839,-79.38976423,34.20353319
n_9840,-79.14359161,34.24608458
n_9841,-78.99482069,34.27047203
n_9842,-79.36898207,34.19525853
n_9845,-79.66909718,34.58541511
n_9846,-79.43844361,34.76021466
n_9847,-79.67448287,34.59996522
n_9848,-79.54160232,34.67943359
n_9849,-79.29333814,34.55565579
n_9850,-79.09541183,34.59228134
n_9851,-79.03454515,34.56461886
n_9852,-79.39810804,34.74436496
n_9853,-79.41203435,34.31831424
n_9854,-79.38976504,34.40740244
n_9855,-79.74892502,34.23998855
n_9856,-79.43509998,33.71744425
n_9858,-78.0168853,36.07461571
n_9859,-78.39214797,36.28057904
n_9862,-76.78143339,35.37324738
n_9863,-76.87841433,35.29342893
n_9864,-76.80586332,35.14839274
n_9865,-77.42175397,35.61727913
n_9866,-76.83987129,35.14668214
n_9867,-77.11433949,35.15363548
n_9868,-77.11915881,35.47455854
n_9869,-77.97525187,34.82198645
n_9870,-78.09130905,35.00874645
n_9871,-77.98756539,34.88548203
n_9872,-77.97875707,34.81702882
n_9873,-77.69780945,35.24226756
n_9874,-78.27990736,35.05836457
n_9876,-78.10944246,35.18700857
n_9877,-78.60365181,35.31957181
n_9881,-79.53326206,34.802287
n_9882,-79.60693712,33.68732039
n_9883,-79.43839985,33.71626704
n_9884,-79.75320018,33.84483167
n_9885,-78.96903572,34.97850093
n_9886,-79.68480599,34.91053621
n_9887,-79.16912087,34.92991718
n_9892,-79.81546633,33.6647137
n_9893,-79.81375923,33.73058583
n_9898,-79.35738695,33.33191755
n_9900,-78.91560759,33.77532078
n_9901,-78.9625967,33.91050636
n_9902,-79.08054909,33.81465445
n_9903,-79.35457444,33.4049892
n_9904,-79.04429436,33.91453863
n_9905,-78.8527374,33.92993544
n_9906,-79.21528304,33.53609081
n_9907,-78.98971334,33.74815027
n_9908,-79.24578488,33.48314058
n_9909,-79.1174147,33.69363209
n_9910,-79.05955074,33.8600255
n_9926,-80.42193959,34.01639774
n_9927,-80.42837153,33.95862097
n_9928,-80.43956271,34.0427171
n_9929,-79.84365851,34.52273532
n_9930,-80.27320379,33.59730697
n_9937,-80.31937084,34.38859569
n_9938,-80.40210268,34.57691156
n_9939,-80.43936281,34.6309313
n_9940,-80.47719842,34.67175167
n_9941,-79.92442689,34.26830854
n_9942,-80.52113508,34.21188066
n_9943,-80.32401602,33.89765405
n_9945,-80.14399279,34.12032163
n_9946,-80.41803274,33.93316415
n_9947,-80.39046348,33.95309533
n_9948,-80.35954459,33.61810484
n_9950,-80.3930659,33.91249677
n_9955,-80.78493393,34.26495867
n_9961,-81.33094584,34.26710771
n_9962,-81.31578933,34.28924721
n_9967,-81.64905947,34.25231962
n_9968,-81.69772029,33.87217613
n_9969,-81.58894163,34.24687188
n_997,-78.98573284,33.77668501
n_9970,-81.57654428,33.88760135
n_9971,-81.58878065,34.03090428
n_998,-78.96208691,33.7656404
n_9994,-79.45866126,35.2798323
n_9995,-79.1830868,35.46225159
n_10029,-77.15587574,35.73634861
n_10037,-77.29625908,35.80049149
n_18286,-80.39334,33.44546
n_18992,-78.45335,36.5402
n_19634,-77.9550981,34.14726638
n_22421,-78.45352,36.5404
n_22422,-78.45649,36.54251
n_22425,-78.20054861,36.54411416
n_23823,-81.03528413,34.23361335
n_23826,-80.80148461,34.13423758
n_23827,-80.75374011,34.09636755
n_28617,-80.80826722,36.56062123
n_28635,-79.34730157,36.54152099
n_6132,-78.70554449,36.54200898
n_6382,-79.31372135,36.54145631
n_6384,-79.33875586,36.54156232
n_8325,-83.07213,34.50377
n_9956,-81.03954,34.23265
n_10123,-76.637513,35.705215
n_28714,-81.364487,36.303398
n_10048,-77.44042259,36.32368228
n_1048,-82.81919687,34.35646636
n_1060,-82.83444334,34.36520359
n_1061,-82.81267799,34.35139942
n_1063,-84.107,35.106
n_1069,-83.243481,34.618197
n_1081,-83.3412575,34.68127308
n_13478,-80.84711996,34.17068892
n_18137,-82.058,36.086
n_18697,-77.26312171,36.15872131
n_18704,-77.646058,36.480907
n_18990,-77.64397322,36.47978646
n_20980,-77.642195,36.478202
n_22426,-77.5959022,36.43337513
n_22427,-77.5917816,36.43120982
n_22521,-77.63405574,36.46096372
n_23794,-79.85452762,33.4026483
n_23795,-80.13826818,33.4547154
n_23822,-81.09575603,34.21403362
n_28803,-82.111476,33.603926
n_29004,-79.73882139,33.32128777
n_29008,-80.39301217,33.44528043
n_29012,-80.869524,34.182271
n_29022,-80.59020029,33.68476868
n_29953,-77.5532914,36.41681648
n_29970,-77.231557,36.103597
n_30062,-81.00000152,34.24243628
n_31013,-80.15269,33.447926
n_6133,-77.64887545,36.48148985
n_6134,-78.91646082,36.54210084
n_6135,-78.73430988,36.54193844
n_6394,-78.52866168,36.5410793
n_6712,-83.340527,34.680736
n_8318,-82.59478402,34.02309841
n_8320,-82.59524333,34.01506645
n_8324,-82.71719511,34.15025518
n_9890,-80.15035153,33.44832398
n_9891,-79.87767118,33.42457239
n_9911,-79.67849592,33.30544475
n_9912,-79.83622152,33.39074889
n_9913,-79.75592469,33.32961722
n_9914,-79.74066725,33.3219233
n_9933,-80.13954239,33.45388457
n_9934,-80.15082165,33.44815577
n_9949,-80.43715304,33.47837349
n_9951,-80.71930186,34.06899959
n_9963,-81.178293,34.174552
n_9981,-81.70030569,33.82677061
n_9983,-81.66918158,33.81890057
n_9984,-81.78093563,33.84777537
n_9986,-81.78641026,33.84999289